<?xml version="1.0" encoding="UTF-8"?>
<project-private xmlns="http://www.netbeans.org/ns/project-private/1">
    <editor-bookmarks xmlns="http://www.netbeans.org/ns/editor-bookmarks/2" lastBookmarkId="0"/>
    <open-files xmlns="http://www.netbeans.org/ns/projectui-open-files/2">
        <group>
            <file>file:/D:/FPLedu/Ki2/1.Java1Programing/3.Deadline/ASSIGNMENT_CP17309_PS23411_NGUYENTHANHVINH/src/NhanVien/NhanVien.java</file>
            <file>file:/D:/FPLedu/Ki2/1.Java1Programing/3.Deadline/ASSIGNMENT_CP17309_PS23411_NGUYENTHANHVINH/src/AssignmentJava1/AssignmentJava1.java</file>
            <file>file:/D:/FPLedu/Ki2/1.Java1Programing/3.Deadline/ASSIGNMENT_CP17309_PS23411_NGUYENTHANHVINH/src/NhanVien/NVHanhChanh.java</file>
            <file>file:/D:/FPLedu/Ki2/1.Java1Programing/3.Deadline/ASSIGNMENT_CP17309_PS23411_NGUYENTHANHVINH/src/NhanVien/TruongPhong.java</file>
            <file>file:/D:/FPLedu/Ki2/1.Java1Programing/3.Deadline/ASSIGNMENT_CP17309_PS23411_NGUYENTHANHVINH/src/AssignmentJava1/QuanLyNhanVien.java</file>
            <file>file:/D:/FPLedu/Ki2/1.Java1Programing/3.Deadline/ASSIGNMENT_CP17309_PS23411_NGUYENTHANHVINH/src/NhanVien/NVTiepThi.java</file>
        </group>
    </open-files>
</project-private>
